frame,img_path,pelvis_x,pelvis_y,pelvis_z,l_foot_x,l_foot_y,l_foot_z,r_foot_x,r_foot_y,r_foot_z,l_hand_x,l_hand_y,l_hand_z,r_hand_x,r_hand_y,r_hand_z
0,IMG_6448-000001.png,-0.18127819895744324,-0.3165311813354492,8.118484497070312,-0.12837833166122437,0.0,8.246493339538574,-0.22775760293006897,0.004796504974365234,8.240413665771484,-0.055361226201057434,-0.26683664321899414,8.090550422668457,-0.29234084486961365,-0.2601461410522461,8.099987030029297
1,IMG_6448-000002.png,-0.18520596623420715,-0.32346272468566895,8.291504859924316,-0.13035811483860016,0.0,8.417566299438477,-0.23259399831295013,0.0037462711334228516,8.414177894592285,-0.05867189168930054,-0.2753291130065918,8.261260986328125,-0.2967025637626648,-0.2665126323699951,8.26814079284668
2,IMG_6448-000003.png,-0.1852819323539734,-0.3230910301208496,8.309298515319824,-0.13076242804527283,0.0,8.436517715454102,-0.23358428478240967,0.004252910614013672,8.432198524475098,-0.05906420946121216,-0.27448034286499023,8.277379989624023,-0.29710206389427185,-0.26627397537231445,8.2861328125
3,IMG_6448-000004.png,-0.18561555445194244,-0.3239861726760864,8.311478614807129,-0.13085567951202393,0.0,8.437381744384766,-0.23387524485588074,0.003771662712097168,8.433213233947754,-0.05925391614437103,-0.27609026432037354,8.283941268920898,-0.29722872376441956,-0.2677668333053589,8.290938377380371
4,IMG_6448-000005.png,-0.1858566701412201,-0.3235127925872803,8.322112083435059,-0.1316678822040558,0.0,8.449177742004395,-0.23430636525154114,0.0038497447967529297,8.447264671325684,-0.05970846116542816,-0.2756388187408447,8.294525146484375,-0.2978350818157196,-0.26752758026123047,8.30312442779541
5,IMG_6448-000006.png,-0.18502086400985718,-0.31665682792663574,8.26151180267334,-0.13088148832321167,0.0,8.394425392150879,-0.23198089003562927,0.005438566207885742,8.389033317565918,-0.06077565252780914,-0.2691669464111328,8.237587928771973,-0.29559266567230225,-0.26122355461120605,8.242342948913574
6,IMG_6448-000007.png,-0.18678119778633118,-0.3223128318786621,8.283967971801758,-0.13217303156852722,0.0,8.4144926071167,-0.23477217555046082,0.005436062812805176,8.409382820129395,-0.06116709113121033,-0.2749185562133789,8.25493049621582,-0.29957541823387146,-0.26582980155944824,8.263606071472168
7,IMG_6448-000008.png,-0.18489867448806763,-0.31748056411743164,8.275893211364746,-0.1311531811952591,0.0,8.408401489257812,-0.23242902755737305,0.004482269287109375,8.401895523071289,-0.06069782376289368,-0.2699606418609619,8.253040313720703,-0.2956743538379669,-0.2598378658294678,8.24974250793457
8,IMG_6448-000009.png,-0.18707121908664703,-0.31986117362976074,8.244134902954102,-0.133071169257164,0.0,8.378805160522461,-0.23539143800735474,0.004905223846435547,8.373482704162598,-0.06114304065704346,-0.2733142375946045,8.217763900756836,-0.298910915851593,-0.26244664192199707,8.216341972351074
9,IMG_6448-000010.png,-0.18774020671844482,-0.3214733600616455,8.267400741577148,-0.13357657194137573,0.0,8.401213645935059,-0.23617321252822876,0.004094839096069336,8.395681381225586,-0.0625571459531784,-0.27558207511901855,8.243536949157715,-0.30010566115379333,-0.263761043548584,8.241384506225586
10,IMG_6448-000011.png,-0.18634189665317535,-0.3162723779678345,8.284400939941406,-0.1328272819519043,0.0,8.418915748596191,-0.234034925699234,0.003950953483581543,8.414405822753906,-0.0627160593867302,-0.2699936628341675,8.263995170593262,-0.2960224747657776,-0.2591060400009155,8.256999969482422
11,IMG_6448-000012.png,-0.18930494785308838,-0.32079577445983887,8.24958324432373,-0.13517165184020996,0.0,8.383496284484863,-0.23810437321662903,0.003478527069091797,8.378966331481934,-0.06354318559169769,-0.2747037410736084,8.225210189819336,-0.3019644618034363,-0.2657320499420166,8.230202674865723
12,IMG_6448-000013.png,-0.18935275077819824,-0.3203848600387573,8.233860969543457,-0.13537295162677765,0.0,8.368003845214844,-0.23778292536735535,0.002875208854675293,8.363018989562988,-0.06457293033599854,-0.275051474571228,8.210490226745605,-0.30158400535583496,-0.26441895961761475,8.21309757232666
13,IMG_6448-000014.png,-0.18832382559776306,-0.3151801824569702,8.26006031036377,-0.13454005122184753,0.0,8.396710395812988,-0.23567169904708862,0.00564730167388916,8.390220642089844,-0.06446570158004761,-0.26913726329803467,8.238614082336426,-0.299044132232666,-0.2576040029525757,8.233506202697754
14,IMG_6448-000015.png,-0.18842284381389618,-0.31413888931274414,8.261523246765137,-0.1350989043712616,0.0,8.396453857421875,-0.23611795902252197,0.004754543304443359,8.392129898071289,-0.06430721282958984,-0.2665567398071289,8.237516403198242,-0.2981094717979431,-0.2570223808288574,8.238374710083008
15,IMG_6448-000016.png,-0.1897575557231903,-0.31914854049682617,8.244522094726562,-0.1362612545490265,0.0,8.37808609008789,-0.2388627976179123,0.0029282569885253906,8.375773429870605,-0.06503815948963165,-0.2727477550506592,8.221151351928711,-0.30196240544319153,-0.26236867904663086,8.223702430725098
16,IMG_6448-000017.png,-0.19073335826396942,-0.3209890127182007,8.358453750610352,-0.1368836760520935,0.0,8.488337516784668,-0.23940518498420715,0.00296783447265625,8.487343788146973,-0.06462019681930542,-0.273983359336853,8.335657119750977,-0.3043693006038666,-0.26420819759368896,8.341080665588379
17,IMG_6448-000018.png,-0.1914956122636795,-0.3191649913787842,8.24811840057373,-0.1377277821302414,0.0,8.381009101867676,-0.24021589756011963,0.0030405521392822266,8.378074645996094,-0.06640610098838806,-0.2725849151611328,8.223791122436523,-0.3037799894809723,-0.2623586654663086,8.227218627929688
18,IMG_6448-000019.png,-0.19179825484752655,-0.3190044164657593,8.252704620361328,-0.13859325647354126,0.0,8.384149551391602,-0.24077868461608887,0.003117203712463379,8.383341789245605,-0.06583507359027863,-0.27158820629119873,8.22871208190918,-0.30406272411346436,-0.26219141483306885,8.230113983154297
19,IMG_6448-000020.png,-0.19176161289215088,-0.3185998201370239,8.273563385009766,-0.1388232409954071,0.0,8.406930923461914,-0.240780770778656,0.0031255483627319336,8.405471801757812,-0.06635892391204834,-0.27136194705963135,8.251652717590332,-0.30399394035339355,-0.2619551420211792,8.254636764526367
20,IMG_6448-000021.png,-0.19139336049556732,-0.31674933433532715,8.265460968017578,-0.1385728120803833,0.0,8.399643898010254,-0.2400595247745514,0.003351926803588867,8.397133827209473,-0.06664345413446426,-0.27070021629333496,8.243744850158691,-0.3040170669555664,-0.25975465774536133,8.245214462280273
21,IMG_6448-000022.png,-0.19301792979240417,-0.31998205184936523,8.296504020690918,-0.1400294452905655,0.0,8.426435470581055,-0.2425149381160736,0.002890348434448242,8.425769805908203,-0.06752505898475647,-0.273327112197876,8.274190902709961,-0.3062655031681061,-0.2629532814025879,8.275711059570312
22,IMG_6448-000023.png,-0.1933773010969162,-0.3209500312805176,8.41418170928955,-0.14060571789741516,0.0,8.5418119430542,-0.24246150255203247,0.0021916627883911133,8.540892601013184,-0.06749384105205536,-0.272869348526001,8.392786979675293,-0.30527687072753906,-0.26300978660583496,8.392776489257812
23,IMG_6448-000024.png,-0.19392022490501404,-0.3202393054962158,8.383028030395508,-0.14119771122932434,0.0,8.511391639709473,-0.24287694692611694,0.0034505128860473633,8.508646011352539,-0.06792113184928894,-0.27268218994140625,8.361123085021973,-0.30565130710601807,-0.2624971866607666,8.359153747558594
24,IMG_6448-000025.png,-0.19419749081134796,-0.3212254047393799,8.404670715332031,-0.1419147402048111,0.0,8.534283638000488,-0.24386388063430786,0.003244161605834961,8.531896591186523,-0.06811587512493134,-0.2731661796569824,8.383841514587402,-0.3074313998222351,-0.2643744945526123,8.386727333068848
25,IMG_6448-000026.png,-0.19487382471561432,-0.32048463821411133,8.311511993408203,-0.14309237897396088,0.0,8.441751480102539,-0.24458178877830505,0.0034744739532470703,8.438405990600586,-0.06879362463951111,-0.2717909812927246,8.29099178314209,-0.30870702862739563,-0.26378822326660156,8.292614936828613
26,IMG_6448-000027.png,-0.19390031695365906,-0.3154914379119873,8.212799072265625,-0.14283746480941772,0.0,8.344614028930664,-0.24302737414836884,0.0026383399963378906,8.342936515808105,-0.06921041011810303,-0.2680392265319824,8.190973281860352,-0.30529117584228516,-0.25741124153137207,8.189044952392578
27,IMG_6448-000028.png,-0.19489435851573944,-0.3139430284500122,8.223447799682617,-0.1438904106616974,0.0,8.356651306152344,-0.2444027215242386,0.0021501779556274414,8.35695743560791,-0.06980067491531372,-0.2661234140396118,8.199824333190918,-0.30630218982696533,-0.2571190595626831,8.197080612182617
28,IMG_6448-000029.png,-0.19579465687274933,-0.3155566453933716,8.245064735412598,-0.14479586482048035,0.0,8.37830924987793,-0.24536731839179993,0.002558588981628418,8.375866889953613,-0.07029028236865997,-0.26698505878448486,8.22184944152832,-0.3078954815864563,-0.25862252712249756,8.2195405960083
29,IMG_6448-000030.png,-0.19681844115257263,-0.3147461414337158,8.247879028320312,-0.14567482471466064,0.0,8.382899284362793,-0.24729472398757935,0.0033729076385498047,8.380149841308594,-0.07142889499664307,-0.2665250301361084,8.22591781616211,-0.30841758847236633,-0.25591444969177246,8.220393180847168
30,IMG_6448-000031.png,-0.1970517635345459,-0.3161756992340088,8.2730712890625,-0.14687690138816833,0.0,8.406940460205078,-0.248460054397583,0.00499415397644043,8.399606704711914,-0.07165947556495667,-0.26558423042297363,8.249321937561035,-0.30958765745162964,-0.25653982162475586,8.245662689208984
31,IMG_6448-000032.png,-0.19839251041412354,-0.3178067207336426,8.325593948364258,-0.1482563316822052,0.0,8.458016395568848,-0.2506009340286255,0.003734111785888672,8.452142715454102,-0.0723872184753418,-0.2659635543823242,8.299580574035645,-0.3103041350841522,-0.25965332984924316,8.298532485961914
32,IMG_6448-000033.png,-0.19751279056072235,-0.3183116912841797,8.323853492736816,-0.14759239554405212,0.0,8.455238342285156,-0.2501031160354614,0.0032116174697875977,8.449636459350586,-0.07234399020671844,-0.26746511459350586,8.2983980178833,-0.3079761862754822,-0.2595250606536865,8.295449256896973
33,IMG_6448-000034.png,-0.19508926570415497,-0.3181043863296509,8.301485061645508,-0.14622712135314941,0.0,8.432947158813477,-0.24922072887420654,0.0035747289657592773,8.42818832397461,-0.07109910249710083,-0.26701033115386963,8.27629566192627,-0.3053739666938782,-0.2590435743331909,8.27377986907959
34,IMG_6448-000035.png,-0.1905892789363861,-0.3144369125366211,8.234626770019531,-0.143502876162529,0.0,8.36940860748291,-0.24661298096179962,0.0034563541412353516,8.363958358764648,-0.06881622970104218,-0.2645580768585205,8.214223861694336,-0.3018214702606201,-0.2573401927947998,8.211801528930664
35,IMG_6448-000036.png,-0.18701744079589844,-0.31714463233947754,8.30952262878418,-0.1425226628780365,0.0,8.442628860473633,-0.24650269746780396,0.004766702651977539,8.435568809509277,-0.06588137894868851,-0.265700101852417,8.288342475891113,-0.298382043838501,-0.25958967208862305,8.281339645385742
36,IMG_6448-000037.png,-0.1814270317554474,-0.31565237045288086,8.289607048034668,-0.1395145207643509,0.0,8.422243118286133,-0.24403715133666992,0.003220796585083008,8.417027473449707,-0.06171528995037079,-0.26547694206237793,8.27187728881836,-0.29250314831733704,-0.2566227912902832,8.257643699645996
37,IMG_6448-000038.png,-0.17502136528491974,-0.316123366355896,8.298417091369629,-0.1358964741230011,0.0,8.431021690368652,-0.2410578727722168,0.00272524356842041,8.427200317382812,-0.057279668748378754,-0.26557648181915283,8.282430648803711,-0.28732338547706604,-0.25883281230926514,8.27329158782959
38,IMG_6448-000039.png,-0.16748474538326263,-0.3160896301269531,8.284984588623047,-0.13122592866420746,0.0,8.419153213500977,-0.23746120929718018,0.0033005475997924805,8.412238121032715,-0.051861345767974854,-0.26602935791015625,8.271485328674316,-0.28028813004493713,-0.26015520095825195,8.258477210998535
39,IMG_6448-000040.png,-0.16106455028057098,-0.3164689540863037,8.3113374710083,-0.12791553139686584,0.0,8.44607925415039,-0.23434966802597046,0.002631664276123047,8.439664840698242,-0.04695892333984375,-0.2659728527069092,8.296076774597168,-0.274286150932312,-0.2610459327697754,8.289666175842285
40,IMG_6448-000041.png,-0.15342038869857788,-0.3120863437652588,8.222536087036133,-0.12319053709506989,0.0,8.35819149017334,-0.22913327813148499,0.003020644187927246,8.352608680725098,-0.04226328432559967,-0.26222896575927734,8.20401382446289,-0.2664254307746887,-0.25794315338134766,8.197591781616211
41,IMG_6448-000042.png,-0.14693661034107208,-0.30898749828338623,8.18442153930664,-0.11984521150588989,0.0,8.324535369873047,-0.22424373030662537,0.0022699832916259766,8.31861400604248,-0.037572890520095825,-0.26088249683380127,8.166226387023926,-0.2589690387248993,-0.25467002391815186,8.15676498413086
42,IMG_6448-000043.png,-0.14145733416080475,-0.3042171001434326,8.139163970947266,-0.11690341681241989,0.0,8.28515338897705,-0.21871647238731384,0.0011724233627319336,8.280879974365234,-0.033804938197135925,-0.25554704666137695,8.118481636047363,-0.2534843981266022,-0.2507965564727783,8.110498428344727
43,IMG_6448-000044.png,-0.13897724449634552,-0.304074764251709,8.09918212890625,-0.11587543040513992,0.0,8.246722221374512,-0.2133564054965973,0.0006544589996337891,8.241819381713867,-0.031115993857383728,-0.2550194263458252,8.082250595092773,-0.24938121438026428,-0.24965786933898926,8.068567276000977
44,IMG_6448-000045.png,-0.13575734198093414,-0.30436456203460693,8.101869583129883,-0.11415204405784607,0.0,8.247648239135742,-0.2073047012090683,0.0032962560653686523,8.23847770690918,-0.02832290530204773,-0.25444281101226807,8.08510684967041,-0.2467084527015686,-0.25068604946136475,8.071793556213379
45,IMG_6448-000046.png,-0.13374365866184235,-0.30208873748779297,8.163068771362305,-0.11368304491043091,0.0,8.316102981567383,-0.20094232261180878,0.010991811752319336,8.295801162719727,-0.02586475759744644,-0.25152015686035156,8.148533821105957,-0.2449481338262558,-0.24811935424804688,8.13218879699707
46,IMG_6448-000047.png,-0.13328656554222107,-0.30313920974731445,8.20853328704834,-0.11404573172330856,0.0,8.362492561340332,-0.19601458311080933,0.020844459533691406,8.329724311828613,-0.024040162563323975,-0.2516911029815674,8.194963455200195,-0.2465691864490509,-0.25034403800964355,8.183216094970703
47,IMG_6448-000048.png,-0.1276305764913559,-0.2896082401275635,8.270265579223633,-0.10977651178836823,0.0,8.437400817871094,-0.1846616566181183,0.03381919860839844,8.385672569274902,-0.022745028138160706,-0.23977720737457275,8.254103660583496,-0.24113696813583374,-0.2380366325378418,8.242783546447754
48,IMG_6448-000049.png,-0.1312061995267868,-0.2914637327194214,8.161754608154297,-0.1139618456363678,0.0,8.335075378417969,-0.18421995639801025,0.041964054107666016,8.274605751037598,-0.020944058895111084,-0.2421473264694214,8.150856018066406,-0.24523961544036865,-0.2394338846206665,8.131915092468262
49,IMG_6448-000050.png,-0.1306232511997223,-0.29070770740509033,8.231526374816895,-0.11355383694171906,0.0,8.408164024353027,-0.1803114265203476,0.05047786235809326,8.335992813110352,-0.019792094826698303,-0.23998987674713135,8.221330642700195,-0.24547943472862244,-0.23809540271759033,8.202754974365234
50,IMG_6448-000051.png,-0.1262866109609604,-0.2801227569580078,8.192151069641113,-0.11146323382854462,0.0,8.371818542480469,-0.17291636765003204,0.06074237823486328,8.284185409545898,-0.017250612378120422,-0.22577309608459473,8.175244331359863,-0.24328942596912384,-0.22968018054962158,8.170377731323242
51,IMG_6448-000052.png,-0.13085293769836426,-0.28395652770996094,8.189023971557617,-0.11536885797977448,0.0,8.372190475463867,-0.17489320039749146,0.06433677673339844,8.277791023254395,-0.017192155122756958,-0.22757720947265625,8.173491477966309,-0.24800145626068115,-0.2320237159729004,8.16334342956543
52,IMG_6448-000053.png,-0.1316763162612915,-0.2798764705657959,8.206231117248535,-0.11715449392795563,0.0,8.392995834350586,-0.1723349243402481,0.06901764869689941,8.294198989868164,-0.016739621758461,-0.22220826148986816,8.189726829528809,-0.24992793798446655,-0.22764921188354492,8.184556007385254
53,IMG_6448-000054.png,-0.13283339142799377,-0.27353668212890625,8.184127807617188,-0.11789219081401825,0.0,8.380460739135742,-0.1697399765253067,0.07481861114501953,8.269991874694824,-0.01736435294151306,-0.21503233909606934,8.164440155029297,-0.2512897551059723,-0.22273516654968262,8.16606330871582
54,IMG_6448-000055.png,-0.13287939131259918,-0.26659560203552246,8.17772388458252,-0.11795111000537872,0.0,8.383088111877441,-0.1653497815132141,0.08764612674713135,8.245732307434082,-0.0178595632314682,-0.20727133750915527,8.156597137451172,-0.2512378394603729,-0.2144327163696289,8.158723831176758
55,IMG_6448-000056.png,-0.13463889062404633,-0.25476670265197754,8.236785888671875,-0.1186758279800415,0.0,8.449742317199707,-0.16103142499923706,0.1007375717163086,8.293009757995605,-0.01875483989715576,-0.19472122192382812,8.210284233093262,-0.25250715017318726,-0.2057185173034668,8.219971656799316
56,IMG_6448-000057.png,-0.13616834580898285,-0.24781835079193115,8.397443771362305,-0.11751186102628708,0.0,8.618059158325195,-0.15837302803993225,0.10903847217559814,8.462550163269043,-0.01932709664106369,-0.18651068210601807,8.369588851928711,-0.2525128722190857,-0.19831407070159912,8.381152153015137
57,IMG_6448-000058.png,-0.13925769925117493,-0.24180269241333008,8.363859176635742,-0.11783088743686676,0.0,8.590377807617188,-0.16069744527339935,0.11415910720825195,8.438131332397461,-0.021626360714435577,-0.17896461486816406,8.33335018157959,-0.25374001264572144,-0.19376707077026367,8.351492881774902
58,IMG_6448-000059.png,-0.14330022037029266,-0.23951077461242676,8.416692733764648,-0.11632642894983292,0.0,8.639342308044434,-0.16298502683639526,0.11436140537261963,8.49902629852295,-0.025164738297462463,-0.1762237548828125,8.38654613494873,-0.254842072725296,-0.1919543743133545,8.410390853881836
59,IMG_6448-000060.png,-0.14458756148815155,-0.233259916305542,8.372634887695312,-0.11592109501361847,0.0,8.594137191772461,-0.16361483931541443,0.11565053462982178,8.46179485321045,-0.02789895236492157,-0.17014837265014648,8.33785629272461,-0.25442594289779663,-0.18898022174835205,8.37276554107666
60,IMG_6448-000061.png,-0.14563611149787903,-0.22242295742034912,8.32308292388916,-0.1132088229060173,0.0,8.53452205657959,-0.16233503818511963,0.11828982830047607,8.422192573547363,-0.030383482575416565,-0.16032910346984863,8.287711143493652,-0.25159457325935364,-0.18123388290405273,8.328892707824707
61,IMG_6448-000062.png,-0.14586541056632996,-0.21660661697387695,8.262904167175293,-0.10812239348888397,0.0,8.463212966918945,-0.1621181070804596,0.11665844917297363,8.36966609954834,-0.032422617077827454,-0.1566561460494995,8.224278450012207,-0.2476130723953247,-0.17913436889648438,8.273523330688477
62,IMG_6448-000063.png,-0.14678192138671875,-0.21520209312438965,8.271570205688477,-0.1039377748966217,0.0,8.474664688110352,-0.1633319854736328,0.11428225040435791,8.389069557189941,-0.03393559157848358,-0.15619099140167236,8.231267929077148,-0.24678292870521545,-0.17977190017700195,8.290252685546875
63,IMG_6448-000064.png,-0.1493467539548874,-0.2247467041015625,8.25166130065918,-0.10107970982789993,0.0,8.442910194396973,-0.1660975068807602,0.10481953620910645,8.373923301696777,-0.036114856600761414,-0.163665771484375,8.20722484588623,-0.24816274642944336,-0.1899404525756836,8.268165588378906
64,IMG_6448-000065.png,-0.15027490258216858,-0.2400425672531128,8.313384056091309,-0.09709882736206055,0.0,8.492709159851074,-0.16584280133247375,0.08741307258605957,8.439743995666504,-0.03711755573749542,-0.17905092239379883,8.267461776733398,-0.2469930350780487,-0.20746350288391113,8.339253425598145
65,IMG_6448-000066.png,-0.14947421848773956,-0.25746989250183105,8.227445602416992,-0.09244176745414734,0.0,8.392905235290527,-0.16560158133506775,0.0651242733001709,8.356215476989746,-0.0364740714430809,-0.19588279724121094,8.179229736328125,-0.24386948347091675,-0.22818231582641602,8.256794929504395
66,IMG_6448-000067.png,-0.15042275190353394,-0.2806704044342041,8.346345901489258,-0.08800588548183441,0.0,8.47978401184082,-0.16605070233345032,0.03810298442840576,8.470800399780273,-0.036996908485889435,-0.21977531909942627,8.294852256774902,-0.24174192547798157,-0.25427889823913574,8.377991676330566
67,IMG_6448-000068.png,-0.14851777255535126,-0.3022162914276123,8.367032051086426,-0.08392078429460526,0.0,8.479589462280273,-0.1650961935520172,0.012022972106933594,8.4970064163208,-0.036134421825408936,-0.24141716957092285,8.30981731414795,-0.23811501264572144,-0.27749860286712646,8.401883125305176
68,IMG_6448-000069.png,-0.14646247029304504,-0.31168365478515625,8.44946575164795,-0.08000924438238144,0.01632988452911377,8.545858383178711,-0.16329550743103027,0.0,8.5897798538208,-0.03519400954246521,-0.25063180923461914,8.392401695251465,-0.23465538024902344,-0.28692126274108887,8.486560821533203
69,IMG_6448-000070.png,-0.14309996366500854,-0.3046473264694214,8.532830238342285,-0.07492876797914505,0.03650200366973877,8.617581367492676,-0.1610204577445984,0.0,8.683905601501465,-0.033044129610061646,-0.24539673328399658,8.475171089172363,-0.2295812964439392,-0.27936863899230957,8.566410064697266
70,IMG_6448-000071.png,-0.13859975337982178,-0.29711079597473145,8.493186950683594,-0.06937453150749207,0.052978515625,8.56920337677002,-0.15858662128448486,0.0,8.657297134399414,-0.02795775979757309,-0.23679280281066895,8.435924530029297,-0.22542129456996918,-0.2711777687072754,8.529216766357422
71,IMG_6448-000072.png,-0.13415567576885223,-0.2914634943008423,8.521106719970703,-0.06516466289758682,0.06495440006256104,8.574823379516602,-0.1557793766260147,0.0,8.690314292907715,-0.022106602787971497,-0.2309725284576416,8.467536926269531,-0.22309985756874084,-0.264392614364624,8.555699348449707
72,IMG_6448-000073.png,-0.12833620607852936,-0.28438448905944824,8.488358497619629,-0.06137971580028534,0.07217299938201904,8.532402038574219,-0.15127462148666382,0.0,8.660664558410645,-0.016689345240592957,-0.22355401515960693,8.43515682220459,-0.21963244676589966,-0.2561696767807007,8.522096633911133
73,IMG_6448-000074.png,-0.12041057646274567,-0.2833517789840698,8.55398941040039,-0.056857600808143616,0.07607078552246094,8.59316635131836,-0.14770306646823883,0.0,8.735722541809082,-0.007652483880519867,-0.21902668476104736,8.495756149291992,-0.21481382846832275,-0.24821579456329346,8.572941780090332
74,IMG_6448-000075.png,-0.11112643033266068,-0.2741745710372925,8.438592910766602,-0.052045226097106934,0.08655095100402832,8.489543914794922,-0.14310942590236664,0.0,8.627622604370117,-0.0001448020339012146,-0.20795059204101562,8.378740310668945,-0.20972955226898193,-0.23459315299987793,8.45376968383789
75,IMG_6448-000076.png,-0.10119777917861938,-0.2604539394378662,8.129658699035645,-0.048198338598012924,0.0920875072479248,8.190949440002441,-0.13698434829711914,0.0,8.328210830688477,0.00819724053144455,-0.19315385818481445,8.071739196777344,-0.2018980085849762,-0.21378278732299805,8.125070571899414
76,IMG_6448-000077.png,-0.08947182446718216,-0.2505652904510498,8.08747386932373,-0.04248510301113129,0.10482144355773926,8.146112442016602,-0.12995214760303497,0.0,8.295300483703613,0.019449174404144287,-0.18337392807006836,8.03314208984375,-0.19397839903831482,-0.19745731353759766,8.064282417297363
77,IMG_6448-000078.png,-0.07997476309537888,-0.24472105503082275,8.144362449645996,-0.03648219630122185,0.10967350006103516,8.205406188964844,-0.12420019507408142,0.0,8.350215911865234,0.027595721185207367,-0.17844033241271973,8.090890884399414,-0.18859785795211792,-0.18832945823669434,8.11337947845459
78,IMG_6448-000079.png,-0.0700947567820549,-0.24189651012420654,8.203949928283691,-0.030875105410814285,0.11275076866149902,8.268125534057617,-0.11822509765625,0.0,8.413803100585938,0.03683040291070938,-0.17623472213745117,8.155635833740234,-0.18239490687847137,-0.18349003791809082,8.17026138305664
79,IMG_6448-000080.png,-0.05832542106509209,-0.23733031749725342,8.233994483947754,-0.02442600205540657,0.11533248424530029,8.302473068237305,-0.10960158705711365,0.0,8.429509162902832,0.046511728316545486,-0.17292606830596924,8.187438011169434,-0.17605139315128326,-0.17649996280670166,8.192657470703125
80,IMG_6448-000081.png,-0.050621289759874344,-0.23641932010650635,8.172200202941895,-0.01980586163699627,0.11348295211791992,8.25186824798584,-0.10159934312105179,0.0,8.36103630065918,0.05423014983534813,-0.17603850364685059,8.133109092712402,-0.17140530049800873,-0.17763841152191162,8.132643699645996
81,IMG_6448-000082.png,-0.04618017002940178,-0.24304437637329102,8.411844253540039,-0.01685543730854988,0.10680758953094482,8.49990177154541,-0.09627935290336609,0.0,8.577349662780762,0.05860741809010506,-0.1892458200454712,8.383159637451172,-0.16940142214298248,-0.18695545196533203,8.373037338256836
82,IMG_6448-000083.png,-0.04098865017294884,-0.24960780143737793,8.34469223022461,-0.014184962958097458,0.09568560123443604,8.442819595336914,-0.08931919932365417,0.0,8.51695728302002,0.06278258562088013,-0.20148444175720215,8.327455520629883,-0.16432030498981476,-0.19422829151153564,8.303483009338379
83,IMG_6448-000084.png,-0.036450717598199844,-0.26315081119537354,8.24271011352539,-0.012285217642784119,0.07514846324920654,8.350234031677246,-0.08231164515018463,0.0,8.413904190063477,0.0659743994474411,-0.21902084350585938,8.237557411193848,-0.15883737802505493,-0.20926833152770996,8.195306777954102
84,IMG_6448-000085.png,-0.0335574746131897,-0.2832132577896118,8.215520858764648,-0.010072138160467148,0.04751265048980713,8.331290245056152,-0.07794369757175446,0.0,8.372480392456055,0.06698869913816452,-0.24416184425354004,8.218951225280762,-0.15407584607601166,-0.22975170612335205,8.165900230407715
85,IMG_6448-000086.png,-0.030459271743893623,-0.2994915246963501,8.17806625366211,-0.006992725655436516,0.021381735801696777,8.303382873535156,-0.07164983451366425,0.0,8.308347702026367,0.06864330917596817,-0.2675217390060425,8.191043853759766,-0.14919248223304749,-0.2463223934173584,8.122963905334473
86,IMG_6448-000087.png,-0.027026107534766197,-0.315784215927124,8.21994686126709,-0.006614724174141884,0.0,8.352336883544922,-0.06502953916788101,0.004079341888427734,8.324783325195312,0.07106108963489532,-0.28826582431793213,8.242793083190918,-0.14637808501720428,-0.2609412670135498,8.16167163848877
87,IMG_6448-000088.png,-0.023780127987265587,-0.31309568881988525,8.362194061279297,-0.006591184064745903,0.0,8.504074096679688,-0.05951910465955734,0.023067951202392578,8.4493408203125,0.07488257437944412,-0.2868536710739136,8.385906219482422,-0.14293725788593292,-0.25462889671325684,8.300918579101562
88,IMG_6448-000089.png,-0.022840457037091255,-0.307208776473999,8.431914329528809,-0.006475729867815971,0.0,8.595359802246094,-0.05664515495300293,0.0483241081237793,8.511146545410156,0.07609887421131134,-0.2823556661605835,8.455208778381348,-0.14152882993221283,-0.24520421028137207,8.368901252746582
89,IMG_6448-000090.png,-0.019567804411053658,-0.2960413694381714,8.290483474731445,-0.006213171407580376,0.0,8.471888542175293,-0.05024036392569542,0.06602859497070312,8.369529724121094,0.07918722182512283,-0.2715880870819092,8.321698188781738,-0.1384836882352829,-0.23171019554138184,8.230134010314941
90,IMG_6448-000091.png,-0.018231812864542007,-0.28750526905059814,8.187798500061035,-0.005682084709405899,0.0,8.381844520568848,-0.04614622890949249,0.07769227027893066,8.260183334350586,0.08000460267066956,-0.2628648281097412,8.21825885772705,-0.13766679167747498,-0.2214493751525879,8.128169059753418
91,IMG_6448-000092.png,-0.017115553840994835,-0.28139281272888184,8.20038890838623,-0.0048917122185230255,0.0,8.406414985656738,-0.04229678213596344,0.08207786083221436,8.27458381652832,0.08204768598079681,-0.2555807828903198,8.225152015686035,-0.13540223240852356,-0.21266257762908936,8.140368461608887
92,IMG_6448-000093.png,-0.016315383836627007,-0.2733743190765381,8.170682907104492,-0.004175888374447823,0.0,8.382220268249512,-0.03837588429450989,0.08804285526275635,8.239501953125,0.08284700661897659,-0.24549365043640137,8.188272476196289,-0.13471098244190216,-0.20272541046142578,8.115568161010742
93,IMG_6448-000094.png,-0.016870222985744476,-0.26437222957611084,8.213957786560059,-0.007034446112811565,0.0,8.436912536621094,-0.03700863569974899,0.09473669528961182,8.280882835388184,0.08538804203271866,-0.23210668563842773,8.22319221496582,-0.1341298222541809,-0.1927204132080078,8.158987998962402
94,IMG_6448-000095.png,-0.01727556809782982,-0.25295162200927734,8.164602279663086,-0.008481740020215511,0.0,8.398049354553223,-0.034288566559553146,0.11225259304046631,8.227147102355957,0.086221843957901,-0.21652019023895264,8.169713020324707,-0.13415151834487915,-0.1790858507156372,8.114686012268066
95,IMG_6448-000096.png,-0.017724841833114624,-0.2464233636856079,8.146139144897461,-0.008527416735887527,0.0,8.387200355529785,-0.03284792602062225,0.11893761157989502,8.21146297454834,0.08662713319063187,-0.20635604858398438,8.143350601196289,-0.1343308538198471,-0.17320430278778076,8.099654197692871
96,IMG_6448-000097.png,-0.0202151071280241,-0.23717164993286133,8.1902437210083,-0.01102194469422102,0.0,8.435067176818848,-0.03411877155303955,0.12275576591491699,8.2692232131958,0.08411292731761932,-0.19659006595611572,8.184309005737305,-0.1333712935447693,-0.16711890697479248,8.143935203552246
97,IMG_6448-000098.png,-0.023191433399915695,-0.2282191514968872,8.13933277130127,-0.009243076667189598,0.0,8.372966766357422,-0.036299530416727066,0.1253300905227661,8.219834327697754,0.081694096326828,-0.1837925910949707,8.128042221069336,-0.13271912932395935,-0.16141724586486816,8.100065231323242
98,IMG_6448-000099.png,-0.025502201169729233,-0.2133716344833374,8.209569931030273,-0.006443524733185768,0.0,8.444196701049805,-0.037364400923252106,0.1308591365814209,8.30844497680664,0.07893587648868561,-0.16876757144927979,8.192414283752441,-0.13179951906204224,-0.15168476104736328,8.176651954650879
99,IMG_6448-000100.png,-0.0268341526389122,-0.21338927745819092,8.257058143615723,-0.0048566535115242004,0.0,8.475147247314453,-0.038077279925346375,0.12850278615951538,8.363763809204102,0.07677661627531052,-0.16563701629638672,8.235404968261719,-0.1313231885433197,-0.15355896949768066,8.228740692138672
100,IMG_6448-000101.png,-0.027426183223724365,-0.21112966537475586,8.216255187988281,-0.002185449004173279,0.0,8.42612075805664,-0.038312580436468124,0.12137216329574585,8.337687492370605,0.07574094831943512,-0.16159510612487793,8.188545227050781,-0.13004451990127563,-0.15758752822875977,8.19658374786377
101,IMG_6448-000102.png,-0.02781723439693451,-0.21467578411102295,8.186491012573242,0.002104487270116806,0.0,8.383183479309082,-0.0395013764500618,0.11424481868743896,8.31391429901123,0.07521740347146988,-0.16180014610290527,8.155784606933594,-0.12881140410900116,-0.16561925411224365,8.175216674804688
102,IMG_6448-000103.png,-0.028358610346913338,-0.22543776035308838,8.1610107421875,0.006396835669875145,0.0,8.345958709716797,-0.04024006426334381,0.10181784629821777,8.291837692260742,0.07315467298030853,-0.16928374767303467,8.123894691467285,-0.12747542560100555,-0.18033432960510254,8.158263206481934
103,IMG_6448-000104.png,-0.029924752190709114,-0.23667705059051514,8.108414649963379,0.009693918749690056,0.0,8.285542488098145,-0.041819870471954346,0.08691728115081787,8.245769500732422,0.0709899291396141,-0.17655718326568604,8.060354232788086,-0.12640631198883057,-0.1956719160079956,8.110982894897461
104,IMG_6448-000105.png,-0.030572369694709778,-0.258603572845459,8.03945255279541,0.012577179819345474,0.0,8.184614181518555,-0.042527955025434494,0.05930769443511963,8.170294761657715,0.0695267990231514,-0.19441604614257812,7.9862213134765625,-0.12469954788684845,-0.22125184535980225,8.048954010009766
105,IMG_6448-000106.png,-0.03079124726355076,-0.28152990341186523,7.99064826965332,0.016827018931508064,0.0,8.109112739562988,-0.04083017632365227,0.024898052215576172,8.12231731414795,0.06770357489585876,-0.21620690822601318,7.929376125335693,-0.12080390751361847,-0.24897336959838867,8.006535530090332
106,IMG_6448-000107.png,-0.03060605749487877,-0.3003772497177124,8.107365608215332,0.02301584929227829,0.00040537118911743164,8.21136474609375,-0.041112739592790604,0.0,8.254597663879395,0.06670892238616943,-0.23440372943878174,8.045294761657715,-0.11848211288452148,-0.2725459337234497,8.134672164916992
107,IMG_6448-000108.png,-0.028474250808358192,-0.29023265838623047,8.144486427307129,0.026958374306559563,0.029414117336273193,8.228507995605469,-0.03968048095703125,0.0,8.312175750732422,0.06765688955783844,-0.22258543968200684,8.081666946411133,-0.11447697132825851,-0.2651355266571045,8.172415733337402
108,IMG_6448-000109.png,-0.025064431130886078,-0.2843376398086548,8.239337921142578,0.03216017782688141,0.05623221397399902,8.308396339416504,-0.03706029802560806,0.0,8.430720329284668,0.07142823189496994,-0.21632778644561768,8.174562454223633,-0.11146806180477142,-0.26109778881073,8.277981758117676
109,IMG_6448-000110.png,-0.022513361647725105,-0.27802908420562744,8.31515884399414,0.0350518673658371,0.07345443964004517,8.384224891662598,-0.03468848019838333,0.0,8.523120880126953,0.07397812604904175,-0.2064206600189209,8.248627662658691,-0.1079387217760086,-0.2548520565032959,8.354244232177734
110,IMG_6448-000111.png,-0.019687682390213013,-0.2702648639678955,8.345295906066895,0.03733350336551666,0.08668899536132812,8.407917976379395,-0.03318151831626892,0.0,8.558094024658203,0.07705190032720566,-0.19441425800323486,8.278011322021484,-0.10509663075208664,-0.24645864963531494,8.386954307556152
111,IMG_6448-000112.png,-0.0155257573351264,-0.2669706344604492,8.427698135375977,0.039271287620067596,0.09151846170425415,8.476932525634766,-0.031410302966833115,0.0,8.63891887664795,0.08196103572845459,-0.18738257884979248,8.358271598815918,-0.10233019292354584,-0.24083662033081055,8.467774391174316
112,IMG_6448-000113.png,-0.009916103444993496,-0.2560981512069702,8.356756210327148,0.04164770245552063,0.09854292869567871,8.40524959564209,-0.02806384488940239,0.0,8.57625675201416,0.08720608055591583,-0.17693722248077393,8.289521217346191,-0.09632430970668793,-0.22935116291046143,8.39853286743164
113,IMG_6448-000114.png,-0.0022677849046885967,-0.2492769956588745,8.30685806274414,0.044461462646722794,0.10971802473068237,8.367029190063477,-0.024011073634028435,0.0,8.536293983459473,0.09536327421665192,-0.16708970069885254,8.238927841186523,-0.09078329056501389,-0.22106802463531494,8.344657897949219
114,IMG_6448-000115.png,0.006224616430699825,-0.24141454696655273,8.178790092468262,0.04594352841377258,0.11810499429702759,8.245779991149902,-0.01885639876127243,0.0,8.415931701660156,0.1033693477511406,-0.1607600450515747,8.116089820861816,-0.08580384403467178,-0.21014058589935303,8.2138090133667
115,IMG_6448-000116.png,0.016792071983218193,-0.2278515100479126,8.336817741394043,0.051175788044929504,0.12308531999588013,8.408896446228027,-0.014161717146635056,0.0,8.57458782196045,0.11178924143314362,-0.14972984790802002,8.270455360412598,-0.07548093050718307,-0.19612419605255127,8.367441177368164
116,IMG_6448-000117.png,0.027201177552342415,-0.22176045179367065,8.463780403137207,0.05789288133382797,0.12196224927902222,8.545902252197266,-0.008776171132922173,0.0,8.712223052978516,0.12182795256376266,-0.14847511053085327,8.40921688079834,-0.0675056055188179,-0.18662583827972412,8.486945152282715
117,IMG_6448-000118.png,0.0352257639169693,-0.21571648120880127,8.250765800476074,0.06250859797000885,0.12442785501480103,8.348401069641113,-0.005140937864780426,0.0,8.500469207763672,0.13096165657043457,-0.14428937435150146,8.20009708404541,-0.06168970465660095,-0.17545932531356812,8.26776123046875
118,IMG_6448-000119.png,0.04190487042069435,-0.21407467126846313,8.31946849822998,0.06554819643497467,0.12009656429290771,8.426102638244629,-0.0037058405578136444,0.0,8.574074745178223,0.14007602632045746,-0.14781761169433594,8.276510238647461,-0.05689777061343193,-0.17096459865570068,8.329869270324707
119,IMG_6448-000120.png,0.04949454218149185,-0.21153974533081055,8.416427612304688,0.06950114667415619,0.11679583787918091,8.531166076660156,0.0017509609460830688,0.0,8.652290344238281,0.14875580370426178,-0.15231198072433472,8.380514144897461,-0.0511104017496109,-0.1654563546180725,8.41935920715332
120,IMG_6448-000121.png,0.05378711596131325,-0.21713238954544067,8.369902610778809,0.07178200781345367,0.10221356153488159,8.499394416809082,0.004638534039258957,0.0,8.586316108703613,0.15513156354427338,-0.16361045837402344,8.338419914245605,-0.045678894966840744,-0.1686244010925293,8.36406421661377
121,IMG_6448-000122.png,0.05920770764350891,-0.22272342443466187,8.220741271972656,0.07347763329744339,0.08672726154327393,8.370426177978516,0.007635049521923065,0.0,8.435169219970703,0.16032099723815918,-0.17386609315872192,8.192697525024414,-0.039986953139305115,-0.17090821266174316,8.208993911743164
122,IMG_6448-000123.png,0.06323494762182236,-0.24053537845611572,8.055386543273926,0.07556990534067154,0.06615006923675537,8.20567512512207,0.01337706670165062,0.0,8.257993698120117,0.16584689915180206,-0.19280612468719482,8.031932830810547,-0.03574257344007492,-0.1831495761871338,8.031950950622559
123,IMG_6448-000124.png,0.06704147905111313,-0.2614559531211853,8.152853012084961,0.07742007821798325,0.037857770919799805,8.31421947479248,0.01834912970662117,0.0,8.335265159606934,0.16781866550445557,-0.21788501739501953,8.133008003234863,-0.03217345476150513,-0.20303457975387573,8.128236770629883
124,IMG_6448-000125.png,0.06819437444210052,-0.28093016147613525,8.06503963470459,0.07703910768032074,0.006928682327270508,8.238265991210938,0.024397391825914383,0.0,8.224230766296387,0.16934847831726074,-0.2394552230834961,8.048155784606934,-0.029100127518177032,-0.21993494033813477,8.037309646606445
125,IMG_6448-000126.png,0.06961958110332489,-0.2794942855834961,8.09934139251709,0.07707446813583374,0.0,8.287235260009766,0.029260162264108658,0.015797317028045654,8.250860214233398,0.16984343528747559,-0.2422347068786621,8.08197021484375,-0.025460541248321533,-0.21782946586608887,8.064081192016602
126,IMG_6448-000127.png,0.07280825823545456,-0.26994526386260986,8.101075172424316,0.07959078252315521,0.0,8.322151184082031,0.03451553359627724,0.047005653381347656,8.239068984985352,0.17291724681854248,-0.2352057695388794,8.090845108032227,-0.02308373898267746,-0.20626842975616455,8.06230640411377
127,IMG_6448-000128.png,0.07506529241800308,-0.25944405794143677,8.089269638061523,0.07936105132102966,0.0,8.330440521240234,0.040387071669101715,0.07633081078529358,8.208910942077637,0.17431822419166565,-0.22783344984054565,8.08664321899414,-0.021140456199645996,-0.1937428116798401,8.046334266662598
128,IMG_6448-000129.png,0.0767790824174881,-0.2513636350631714,8.08151626586914,0.08014968037605286,0.0,8.332427024841309,0.049244076013565063,0.08994469046592712,8.189976692199707,0.17609825730323792,-0.22209769487380981,8.083306312561035,-0.017947621643543243,-0.18420255184173584,8.037592887878418
129,IMG_6448-000130.png,0.07969732582569122,-0.251944899559021,8.102879524230957,0.08011658489704132,0.0,8.349366188049316,0.054031819105148315,0.09507092833518982,8.195765495300293,0.17972084879875183,-0.22283148765563965,8.110013961791992,-0.015011206269264221,-0.18065476417541504,8.056073188781738
130,IMG_6448-000131.png,0.08197551965713501,-0.246695876121521,8.134509086608887,0.07970230281352997,0.0,8.384243965148926,0.05990438163280487,0.09862643480300903,8.222819328308105,0.18150228261947632,-0.21866875886917114,8.144813537597656,-0.013033092021942139,-0.1746128797531128,8.089157104492188
131,IMG_6448-000132.png,0.08423195779323578,-0.24551039934158325,8.133052825927734,0.08017316460609436,0.0,8.386075019836426,0.06679053604602814,0.10167351365089417,8.21772575378418,0.18306389451026917,-0.21930605173110962,8.142498970031738,-0.011158764362335205,-0.17258894443511963,8.090476036071777
132,IMG_6448-000133.png,0.08248711377382278,-0.23124051094055176,8.197225570678711,0.08140427619218826,0.0,8.460918426513672,0.0715494379401207,0.11543425917625427,8.277204513549805,0.1803189516067505,-0.20524269342422485,8.206244468688965,-0.01281089335680008,-0.15801340341567993,8.15087604522705
133,IMG_6448-000134.png,0.08373886346817017,-0.22803270816802979,8.306840896606445,0.08173287659883499,0.0,8.577853202819824,0.07518945634365082,0.11998888850212097,8.388834953308105,0.18017099797725677,-0.20460766553878784,8.325445175170898,-0.012167386710643768,-0.15607649087905884,8.259474754333496
134,IMG_6448-000135.png,0.08311466127634048,-0.22783619165420532,8.307757377624512,0.07907789945602417,0.0,8.58365249633789,0.07481754571199417,0.11798518896102905,8.402726173400879,0.18051385879516602,-0.20409011840820312,8.331618309020996,-0.012592621147632599,-0.15608125925064087,8.26425838470459
135,IMG_6448-000136.png,0.08126155287027359,-0.22015413641929626,8.482498168945312,0.08231716603040695,0.0,8.756804466247559,0.07245078682899475,0.12496653199195862,8.575943946838379,0.18040159344673157,-0.19285038113594055,8.504499435424805,-0.013589762151241302,-0.14636757969856262,8.436480522155762
136,IMG_6448-000137.png,0.07985302060842514,-0.2011634111404419,8.421836853027344,0.08798687160015106,0.0,8.689456939697266,0.07228142768144608,0.13497382402420044,8.52564811706543,0.17835646867752075,-0.17482537031173706,8.440071105957031,-0.014231860637664795,-0.12871122360229492,8.379007339477539
137,IMG_6448-000138.png,0.08172813802957535,-0.20201069116592407,8.265857696533203,0.08569647371768951,0.0,8.532319068908691,0.07280471920967102,0.1242276132106781,8.394811630249023,0.18016259372234344,-0.17782986164093018,8.286328315734863,-0.013530470430850983,-0.135032057762146,8.226897239685059
138,IMG_6448-000139.png,0.08203351497650146,-0.20613768696784973,8.202072143554688,0.08553548157215118,0.0,8.461705207824707,0.07217660546302795,0.11678948998451233,8.347617149353027,0.18246303498744965,-0.17564824223518372,8.215758323669434,-0.01289164274930954,-0.13811281323432922,8.161945343017578
139,IMG_6448-000140.png,0.08520635962486267,-0.20044010877609253,8.087174415588379,0.09912794828414917,0.0,8.327478408813477,0.0728386640548706,0.1120864748954773,8.244094848632812,0.18552036583423615,-0.16872841119766235,8.099574089050293,-0.011968716979026794,-0.13426107168197632,8.049195289611816
140,IMG_6448-000141.png,0.08708520978689194,-0.2032477855682373,7.967822074890137,0.1077512800693512,0.0,8.166711807250977,0.07196414470672607,0.10462996363639832,8.125131607055664,0.187491774559021,-0.16805380582809448,7.967133522033691,-0.012425035238265991,-0.14214634895324707,7.933403491973877
141,IMG_6448-000142.png,0.08766140788793564,-0.22674858570098877,8.038735389709473,0.12106543779373169,0.0,8.24543571472168,0.07213660329580307,0.07534697651863098,8.201632499694824,0.18995338678359985,-0.18878966569900513,8.02613639831543,-0.013827614486217499,-0.16756832599639893,8.007553100585938
142,IMG_6448-000143.png,0.08760707080364227,-0.24676984548568726,8.01941204071045,0.12628984451293945,0.0,8.199460983276367,0.07233201712369919,0.0480654239654541,8.18829345703125,0.19106051325798035,-0.20391768217086792,7.997035503387451,-0.014631614089012146,-0.18977826833724976,7.991512298583984
143,IMG_6448-000144.png,0.08756477385759354,-0.2659314274787903,7.919110298156738,0.13011285662651062,0.0,8.072761535644531,0.07242041826248169,0.020688176155090332,8.09543514251709,0.1927313506603241,-0.2195243239402771,7.897104263305664,-0.015375353395938873,-0.2115076184272766,7.894880771636963
144,IMG_6448-000145.png,0.09109994769096375,-0.27872663736343384,8.05526065826416,0.13661299645900726,0.00938311219215393,8.171796798706055,0.074787437915802,0.0,8.24050521850586,0.19617599248886108,-0.2319622039794922,8.02401065826416,-0.013521470129489899,-0.2258099615573883,8.036796569824219
145,IMG_6448-000146.png,0.09269192814826965,-0.27094557881355286,8.11225414276123,0.143803209066391,0.04253062605857849,8.207834243774414,0.07420983165502548,0.0,8.317838668823242,0.20066913962364197,-0.22132018208503723,8.082051277160645,-0.013240382075309753,-0.22040578722953796,8.095385551452637
146,IMG_6448-000147.png,0.09649696201086044,-0.2583792805671692,8.211418151855469,0.149844229221344,0.07951521873474121,8.288272857666016,0.0763879045844078,0.0,8.437518119812012,0.20653271675109863,-0.204382061958313,8.17342758178711,-0.01084994524717331,-0.2112438976764679,8.201323509216309
147,IMG_6448-000148.png,0.10033935308456421,-0.25497937202453613,8.140098571777344,0.15415486693382263,0.09487500786781311,8.210942268371582,0.07915337383747101,0.0,8.370200157165527,0.21512556076049805,-0.1964971423149109,8.10352611541748,-0.008817672729492188,-0.20758652687072754,8.129849433898926
148,IMG_6448-000149.png,0.10565883666276932,-0.24820782244205475,8.028261184692383,0.15814253687858582,0.10299329459667206,8.090782165527344,0.08281153440475464,0.0,8.265609741210938,0.22103449702262878,-0.18800221383571625,7.983892440795898,-0.0066185519099235535,-0.2034572809934616,8.027095794677734
149,IMG_6448-000150.png,0.11252579838037491,-0.23882025480270386,8.044432640075684,0.1607053279876709,0.11352360248565674,8.102130889892578,0.08751130104064941,0.0,8.28425407409668,0.2295326590538025,-0.17621591687202454,7.999672889709473,-0.001538790762424469,-0.19450876116752625,8.045612335205078
150,IMG_6448-000151.png,0.11903659254312515,-0.22461998462677002,8.248539924621582,0.15895923972129822,0.12809893488883972,8.313971519470215,0.0896826982498169,0.0,8.50008773803711,0.23591578006744385,-0.1601543128490448,8.205251693725586,0.006359755992889404,-0.1845337450504303,8.255770683288574
151,IMG_6448-000152.png,0.12747755646705627,-0.22089186310768127,8.323641777038574,0.16119283437728882,0.13053563237190247,8.39731216430664,0.09520114958286285,0.0,8.584909439086914,0.24394071102142334,-0.1565338671207428,8.28012752532959,0.013212963938713074,-0.18254345655441284,8.331271171569824
152,IMG_6448-000153.png,0.13839764893054962,-0.21189641952514648,8.53744888305664,0.16807934641838074,0.13912904262542725,8.614933967590332,0.09983019530773163,0.0,8.810935974121094,0.2523404359817505,-0.14889922738075256,8.493021011352539,0.022297203540802002,-0.17516157031059265,8.551091194152832
153,IMG_6448-000154.png,0.1493157148361206,-0.1999298632144928,8.623269081115723,0.17578086256980896,0.14864620566368103,8.702617645263672,0.10414952039718628,0.0,8.908848762512207,0.26316097378730774,-0.13537758588790894,8.579485893249512,0.032400570809841156,-0.16494718194007874,8.639080047607422
154,IMG_6448-000155.png,0.1564645618200302,-0.19404751062393188,8.564406394958496,0.1798020899295807,0.14608550071716309,8.664193153381348,0.10736308991909027,0.0,8.857864379882812,0.26891642808914185,-0.13025647401809692,8.520146369934082,0.04120027273893356,-0.16333171725273132,8.584473609924316
155,IMG_6448-000156.png,0.16493089497089386,-0.1982279270887375,8.471414566040039,0.18333983421325684,0.13346530497074127,8.575733184814453,0.1146497130393982,0.0,8.759115219116211,0.2781447768211365,-0.13473094999790192,8.426614761352539,0.05059187114238739,-0.16722019016742706,8.494884490966797
156,IMG_6448-000157.png,0.17121797800064087,-0.18957273662090302,8.299906730651855,0.1845424473285675,0.13073112070560455,8.418127059936523,0.12495884299278259,0.0,8.56462574005127,0.2825692892074585,-0.12733249366283417,8.253329277038574,0.0582604855298996,-0.15967519581317902,8.318464279174805
157,IMG_6448-000158.png,0.1773592233657837,-0.1953371912240982,8.27879810333252,0.18815651535987854,0.11615876853466034,8.402932167053223,0.1292237639427185,0.0,8.532622337341309,0.28851619362831116,-0.1359373778104782,8.22971248626709,0.06600622832775116,-0.16534079611301422,8.29690933227539
158,IMG_6448-000159.png,0.1837988644838333,-0.21066060662269592,8.242810249328613,0.19303393363952637,0.09394901990890503,8.392217636108398,0.12698423862457275,0.0,8.488691329956055,0.29466038942337036,-0.15174895524978638,8.191048622131348,0.0722920298576355,-0.17828044295310974,8.26014518737793
159,IMG_6448-000160.png,0.1898481398820877,-0.22505977749824524,8.261384963989258,0.19609150290489197,0.07410171627998352,8.435563087463379,0.12933918833732605,0.0,8.48355770111084,0.3005402684211731,-0.1682257354259491,8.209637641906738,0.07889928668737411,-0.19133330881595612,8.277703285217285
160,IMG_6448-000161.png,0.19281813502311707,-0.24157680571079254,8.030767440795898,0.19705842435359955,0.049430474638938904,8.219374656677246,0.13421805202960968,0.0,8.234539985656738,0.3055056631565094,-0.18585555255413055,7.98535680770874,0.08180908113718033,-0.20548002421855927,8.044321060180664
161,IMG_6448-000162.png,0.19662697613239288,-0.271023690700531,8.067151069641113,0.19841566681861877,0.01081150770187378,8.27126407623291,0.14068926870822906,0.0,8.246922492980957,0.3105037212371826,-0.21496354043483734,8.028437614440918,0.08547431230545044,-0.2311069369316101,8.088946342468262
162,IMG_6448-000163.png,0.20125354826450348,-0.2748272120952606,8.195540428161621,0.19896504282951355,0.0,8.410054206848145,0.14859901368618011,0.018794149160385132,8.353729248046875,0.31377068161964417,-0.22029906511306763,8.152849197387695,0.08922919631004333,-0.231559157371521,8.210988998413086
163,IMG_6448-000164.png,0.20425449311733246,-0.26276886463165283,8.361974716186523,0.20240861177444458,0.0,8.597412109375,0.1564033478498459,0.05318242311477661,8.499859809875488,0.31836268305778503,-0.2089289426803589,8.322203636169434,0.09206853061914444,-0.21671023964881897,8.375121116638184
164,IMG_6448-000165.png,0.208618625998497,-0.2601279020309448,8.06595516204834,0.20452113449573517,0.0,8.312480926513672,0.1666136085987091,0.08489632606506348,8.184734344482422,0.323477178812027,-0.2090420424938202,8.02998161315918,0.09523694962263107,-0.21023157238960266,8.077075958251953
165,IMG_6448-000166.png,0.21171006560325623,-0.24827516078948975,7.973731517791748,0.2056896984577179,0.0,8.225430488586426,0.17700034379959106,0.11109417676925659,8.077374458312988,0.3260365128517151,-0.19945739209651947,7.941471576690674,0.09724404662847519,-0.19621660560369492,7.984419822692871
166,IMG_6448-000167.png,0.21043194830417633,-0.2396274209022522,9.01404857635498,0.2027481198310852,0.0,9.27953052520752,0.18485888838768005,0.1234319806098938,9.100543022155762,0.3251270353794098,-0.19629685580730438,8.99223518371582,0.09710177034139633,-0.1857897788286209,9.006179809570312
167,IMG_6448-000168.png,0.21101327240467072,-0.22793936729431152,8.669097900390625,0.20631389319896698,0.0,8.953420639038086,0.19211429357528687,0.13099317252635956,8.768268585205078,0.3236270546913147,-0.19197345525026321,8.645478248596191,0.09625007212162018,-0.1758267991244793,8.668497085571289
168,IMG_6448-000169.png,0.21402660012245178,-0.22661253809928894,8.767477989196777,0.2056608349084854,0.0,9.064554214477539,0.19752180576324463,0.13380305469036102,8.856915473937988,0.3269786536693573,-0.19313407689332962,8.757898330688477,0.09901614487171173,-0.17027409374713898,8.749044418334961
169,IMG_6448-000170.png,0.2146708369255066,-0.21857086569070816,9.094264030456543,0.20328718423843384,0.0,9.388676643371582,0.20048949122428894,0.1411585509777069,9.193519592285156,0.3280864953994751,-0.18945300206542015,9.094367980957031,0.10017266869544983,-0.15921945869922638,9.074414253234863
170,IMG_6448-000171.png,0.21768079698085785,-0.2092981319874525,8.950886726379395,0.20081380009651184,0.0,9.246190071105957,0.20134007930755615,0.14449286460876465,9.065665245056152,0.3310204744338989,-0.18492417968809605,8.961920738220215,0.10250405967235565,-0.1497119665145874,8.931631088256836
171,IMG_6448-000172.png,0.21768082678318024,-0.2092981468886137,8.950887680053711,0.20081382989883423,0.0,9.246191024780273,0.20134010910987854,0.14449287950992584,9.065666198730469,0.3310205340385437,-0.18492419458925724,8.961921691894531,0.10250429064035416,-0.14971204102039337,8.931632041931152
172,IMG_6448-000173.png,0.21884721517562866,-0.1883177664130926,8.765201568603516,0.20849166810512543,0.0,9.071708679199219,0.20132213830947876,0.1490982323884964,8.90135383605957,0.3316698968410492,-0.1714147850871086,8.790814399719238,0.1047256737947464,-0.12321465462446213,8.749823570251465
173,IMG_6448-000174.png,0.21884721517562866,-0.1883177664130926,8.765201568603516,0.20849166810512543,0.0,9.071708679199219,0.20132213830947876,0.1490982323884964,8.90135383605957,0.3316698968410492,-0.1714147850871086,8.790814399719238,0.10472560673952103,-0.12321452796459198,8.749823570251465
174,IMG_6448-000175.png,0.2201082706451416,-0.1878384929150343,8.18111515045166,0.21744176745414734,0.0,8.470964431762695,0.202426478266716,0.1502443552017212,8.330408096313477,0.33086317777633667,-0.16718149185180664,8.195713996887207,0.10484086722135544,-0.11477296054363251,8.168882369995117
175,IMG_6448-000176.png,0.22122974693775177,-0.196018498390913,8.66116714477539,0.21953317523002625,0.0,8.944599151611328,0.2027135193347931,0.1348900943994522,8.817455291748047,0.33105170726776123,-0.18104487657546997,8.6859712600708,0.10758593678474426,-0.12235979735851288,8.642464637756348
176,IMG_6448-000177.png,0.2240142524242401,-0.1994919404387474,8.543429374694824,0.21409183740615845,0.0,8.818069458007812,0.2032960057258606,0.12204340100288391,8.718718528747559,0.3317592442035675,-0.1854620948433876,8.574664115905762,0.10929291695356369,-0.1252504587173462,8.51913833618164
177,IMG_6448-000178.png,0.22758673131465912,-0.19950583577156067,8.180843353271484,0.22223174571990967,0.0,8.438541412353516,0.2053581178188324,0.116434246301651,8.363300323486328,0.3341720700263977,-0.18280404806137085,8.209068298339844,0.11209020018577576,-0.12214195728302002,8.152034759521484
178,IMG_6448-000179.png,0.22843708097934723,-0.19546159356832504,8.297049522399902,0.2312316596508026,0.0,8.562321662902832,0.2053624987602234,0.11120447516441345,8.486010551452637,0.3346397280693054,-0.180192768573761,8.332816123962402,0.11314476281404495,-0.1174362301826477,8.264490127563477
179,IMG_6448-000180.png,0.23642349243164062,-0.20459622889757156,8.070508003234863,0.2632662057876587,0.0,8.303064346313477,0.2099856436252594,0.09385430812835693,8.257413864135742,0.341492235660553,-0.18607206642627716,8.107304573059082,0.11958162486553192,-0.12573857605457306,8.037924766540527
180,IMG_6448-000181.png,0.24477285146713257,-0.22195568680763245,8.007593154907227,0.2726491391658783,0.0,8.217903137207031,0.2146148681640625,0.0689801275730133,8.2006196975708,0.350014865398407,-0.20286819338798523,8.048869132995605,0.12589845061302185,-0.141135573387146,7.977724075317383
181,IMG_6448-000182.png,0.24891653656959534,-0.24929022789001465,8.311067581176758,0.2828699052333832,0.0,8.49705696105957,0.21689993143081665,0.039423465728759766,8.503507614135742,0.3532366156578064,-0.2272459864616394,8.355522155761719,0.1288061887025833,-0.16751885414123535,8.285947799682617
182,IMG_6448-000183.png,0.25441399216651917,-0.2754756063222885,8.264999389648438,0.2884310781955719,0.0,8.428487777709961,0.2188911736011505,0.001066446304321289,8.47381591796875,0.35862597823143005,-0.2502400279045105,8.302446365356445,0.1327020227909088,-0.19625194370746613,8.24170207977295
183,IMG_6448-000184.png,0.2528574764728546,-0.2658747583627701,8.369032859802246,0.2921225428581238,0.03894132375717163,8.516658782958984,0.21630103886127472,0.0,8.59349536895752,0.3587763011455536,-0.23779428005218506,8.408736228942871,0.13391715288162231,-0.18664038181304932,8.346210479736328
184,IMG_6448-000185.png,0.2577444911003113,-0.2562570720911026,8.267300605773926,0.3003052771091461,0.07616597414016724,8.389150619506836,0.21821832656860352,0.0,8.504487037658691,0.3644176125526428,-0.22500810027122498,8.290290832519531,0.13946573436260223,-0.17749857902526855,8.244405746459961
185,IMG_6448-000186.png,0.265409380197525,-0.2436179518699646,8.816034317016602,0.3136407136917114,0.11505696177482605,8.900671005249023,0.22299936413764954,0.0,9.054462432861328,0.3729909658432007,-0.21185019612312317,8.844788551330566,0.14492274820804596,-0.1655125617980957,8.803131103515625
186,IMG_6448-000187.png,0.27107250690460205,-0.2320726066827774,7.897447109222412,0.32230666279792786,0.13581496477127075,7.9888129234313965,0.2275405377149582,0.0,8.141136169433594,0.3808414936065674,-0.19469645619392395,7.917498588562012,0.15239128470420837,-0.15351954102516174,7.882846832275391
187,IMG_6448-000188.png,0.2799512445926666,-0.22078946232795715,7.5692925453186035,0.32997748255729675,0.1493370532989502,7.667617321014404,0.2329617589712143,0.0,7.819083213806152,0.39264243841171265,-0.18133744597434998,7.594351291656494,0.15990479290485382,-0.142873615026474,7.555775165557861
188,IMG_6448-000189.png,0.2875409424304962,-0.19066885113716125,9.186250686645508,0.32927078008651733,0.1750781536102295,9.263126373291016,0.23611581325531006,0.0,9.43321418762207,0.3991181254386902,-0.15582087635993958,9.205041885375977,0.16474750638008118,-0.11855113506317139,9.179490089416504
189,IMG_6448-000190.png,0.30121782422065735,-0.18323290348052979,8.952991485595703,0.3341585397720337,0.1789720058441162,9.046172142028809,0.24390345811843872,0.0,9.20881175994873,0.4110988974571228,-0.14332419633865356,8.970992088317871,0.1766766607761383,-0.112030029296875,8.947345733642578
190,IMG_6448-000191.png,0.308687686920166,-0.1677541434764862,8.456607818603516,0.3367394804954529,0.18492043018341064,8.5600004196167,0.2485736459493637,0.0,8.728668212890625,0.4185953140258789,-0.13000977039337158,8.474242210388184,0.18470606207847595,-0.10202288627624512,8.45728588104248
191,IMG_6448-000192.png,0.32511308789253235,-0.16215389966964722,8.788999557495117,0.34792545437812805,0.17986375093460083,8.905579566955566,0.25861459970474243,0.0,9.051763534545898,0.43443113565444946,-0.13040190935134888,8.804611206054688,0.19723084568977356,-0.10407543182373047,8.794447898864746
192,IMG_6448-000193.png,0.334901362657547,-0.16217359900474548,8.337892532348633,0.3497733473777771,0.16419804096221924,8.47419261932373,0.26687687635421753,0.0,8.64278793334961,0.4441322684288025,-0.1259029507637024,8.361244201660156,0.20855608582496643,-0.10696804523468018,8.351117134094238
193,IMG_6448-000194.png,0.34354642033576965,-0.16517919301986694,8.18673324584961,0.35169845819473267,0.1452447772026062,8.35110092163086,0.2806191146373749,0.0,8.476675987243652,0.4531438946723938,-0.1328001320362091,8.212773323059082,0.21840596199035645,-0.11695408821105957,8.196020126342773
194,IMG_6448-000195.png,0.356861412525177,-0.18822342157363892,8.19723129272461,0.3572040796279907,0.11081540584564209,8.371034622192383,0.31567102670669556,0.0,8.452310562133789,0.46685951948165894,-0.15325438976287842,8.223307609558105,0.23132231831550598,-0.14388370513916016,8.212495803833008
195,IMG_6448-000196.png,0.3599766492843628,-0.19417515397071838,7.848694324493408,0.3578029274940491,0.09593743085861206,8.027749061584473,0.3237091302871704,0.0,8.088908195495605,0.47542691230773926,-0.15407896041870117,7.864664554595947,0.238008514046669,-0.14867949485778809,7.865126132965088
196,IMG_6448-000197.png,0.3636246621608734,-0.20811155438423157,7.874722957611084,0.3587605953216553,0.06831145286560059,8.06308650970459,0.3251398205757141,0.0,8.108052253723145,0.4817943572998047,-0.16424161195755005,7.887226104736328,0.2439531832933426,-0.16320744156837463,7.891650676727295
197,IMG_6448-000198.png,0.3691052496433258,-0.20987391471862793,7.643877029418945,0.36001306772232056,0.05670815706253052,7.821273326873779,0.32904428243637085,0.0,7.8695573806762695,0.4893677830696106,-0.16149455308914185,7.663585186004639,0.251095712184906,-0.16264939308166504,7.660992622375488
198,IMG_6448-000199.png,0.3788790702819824,-0.1990472972393036,7.624415874481201,0.36403095722198486,0.06629616022109985,7.806154251098633,0.31217294931411743,0.0,7.864582061767578,0.5014606714248657,-0.14515191316604614,7.63934850692749,0.2612347900867462,-0.1487700343132019,7.639082908630371
199,IMG_6448-000200.png,0.38200637698173523,-0.22117504477500916,7.527153491973877,0.3640643358230591,0.0375901460647583,7.726046085357666,0.3156633973121643,0.0,7.757448196411133,0.5084063410758972,-0.16192805767059326,7.528383731842041,0.26663491129875183,-0.1681203842163086,7.541821479797363
200,IMG_6448-000201.png,0.3804025948047638,-0.23267942667007446,7.2629570960998535,0.35858941078186035,0.015182673931121826,7.469403266906738,0.320694237947464,0.0,7.4642157554626465,0.50597083568573,-0.17355269193649292,7.265472412109375,0.26892027258872986,-0.17802029848098755,7.284440040588379
201,IMG_6448-000202.png,0.3883880078792572,-0.25006020069122314,7.033605098724365,0.3679589629173279,0.0,7.249135971069336,0.32971203327178955,0.010194063186645508,7.209198951721191,0.5135810375213623,-0.19097739458084106,7.027530193328857,0.2762581706047058,-0.19362521171569824,7.053663730621338
202,IMG_6448-000203.png,0.399278461933136,-0.25340747833251953,7.246905326843262,0.3771442770957947,0.0,7.480441570281982,0.3420846462249756,0.028316855430603027,7.415549278259277,0.5243260860443115,-0.1980622410774231,7.233603477478027,0.28509360551834106,-0.19947552680969238,7.263640403747559
203,IMG_6448-000204.png,0.3958773612976074,-0.2432253360748291,7.000586986541748,0.38877591490745544,0.0,7.231387615203857,0.35594984889030457,0.04216110706329346,7.164848804473877,0.5183329582214355,-0.19084036350250244,6.969252109527588,0.2841147780418396,-0.19331574440002441,7.018582344055176
204,IMG_6448-000205.png,0.3963222801685333,-0.2300100326538086,6.80345344543457,0.3881639242172241,0.0,7.022473335266113,0.358206570148468,0.03692662715911865,6.964944362640381,0.525084912776947,-0.19196462631225586,6.774005889892578,0.2848946750164032,-0.17883646488189697,6.820818901062012
205,IMG_6448-000206.png,0.39173880219459534,-0.2085208296775818,6.57382345199585,0.38439232110977173,0.0,6.8029680252075195,0.3571670353412628,0.049083054065704346,6.740739345550537,0.5208449363708496,-0.18850159645080566,6.522367000579834,0.28293415904045105,-0.15440183877944946,6.579347610473633
